1,barfoo,bar@foo.com,88ecde925da3c6f8ec3d140683da9d2a422f26c1ae1d9212da1e5a53416dcc88,BarbarFoo,true
2,jhan,jfkljj@gmail.com,01c1a69372513d847a0ff819d5ef32edd73955c6d476395ec99513dc81dfe95a,jhan,true
3,asd,asd,8d969eef6ecad3c29a3a629280e686cf0c3f5d5a86aff3ca12020c923adc6c92,asd,true
4,qwe,qwee,489cd5dbc708c7e541de4d7cd91ce6d0f1613573b7fc5b40d3942ccb9555cf35,qwe,true
5,a,dummy@dummy.com,ca978112ca1bbdcafac231b39a23dc4da786eff8147c4e72b9807785afee48bb,a,true
6,1,dummy@dummy.com,6b86b273ff34fce19d6b804eff5a3f5747ada4eaa22f1d49c01e52ddb7875b4b,1,true
7,2,dummy@dummy.com,d4735e3a265e16eee03f59718b9b5d03019c07d8b6c51f90da3a666eec13ab35,2,true
8,3,dummy@dummy.com,535fa30d7e25dd8a49f1536779734ec8286108d115da5045d77f3b4185d8f790,3,true
9,,dummy@dummy.com,e3b0c44298fc1c149afbf4c8996fb92427ae41e4649b934ca495991b7852b855,,true
10,43,dummy@dummy.com,4b227777d4dd1fc61c6f884f48641d02b4d121d3fd328cb08b5531fcacdabf8a,43,true
11,11,dummy@dummy.com,6b86b273ff34fce19d6b804eff5a3f5747ada4eaa22f1d49c01e52ddb7875b4b,11,true
12,bhan2,dummy@dummy.com,5e884898da28047151d0e56f8dc6292773603d0d6aabbdd62a11ef721d1542d8,bhan2,true
13,bhan3,dummy@dummy.com,5e884898da28047151d0e56f8dc6292773603d0d6aabbdd62a11ef721d1542d8,bhan3,true
